{
    "MTau3MuID": {
        "Pt_Eta": {
            "0.9,1.2": {
                "3.0,3.25": {
                    "value": 1.838390588760376, 
                    "error": 0.4821334063902938
                }, 
                "3.75,4.0": {
                    "value": 0.9449284076690674, 
                    "error": 0.01589980186506405
                }, 
                "20.0,30.0": {
                    "value": 1.0237705707550049, 
                    "error": 0.007262519728908499
                }, 
                "500,700": {
                    "value": null, 
                    "error": null
                }, 
                "700,1200": {
                    "value": null, 
                    "error": null
                }, 
                "30.0,40.0": {
                    "value": 1.0254371166229248, 
                    "error": 0.016106992759465647
                }, 
                "3.25,3.5": {
                    "value": 0.9948312044143677, 
                    "error": 0.0447307832566212
                }, 
                "15.0,20.0": {
                    "value": 1.0119688510894775, 
                    "error": 0.005685147742078864
                }, 
                "2.0,2.5": {
                    "value": 0.0, 
                    "error": 0.0
                }, 
                "3.5,3.75": {
                    "value": 0.979979395866394, 
                    "error": 0.022412382816061383
                }, 
                "2.75,3.0": {
                    "value": 3.393913745880127, 
                    "error": 9.769762621403233
                }, 
                "10.0,15.0": {
                    "value": 1.001620888710022, 
                    "error": 0.003662924017774373
                }, 
                "8.0,10.0": {
                    "value": 0.9821133017539978, 
                    "error": 0.003961088469330672
                }, 
                "6.0,8.0": {
                    "value": 0.9766896367073059, 
                    "error": 0.003353416884070128
                }, 
                "4.5,5.0": {
                    "value": 0.9549987316131592, 
                    "error": 0.007615962693333877
                }, 
                "5.0,6.0": {
                    "value": 0.9534302353858948, 
                    "error": 0.005242063180991808
                }, 
                "2.5,2.75": {
                    "value": 0.0, 
                    "error": 0.0
                }, 
                "4.0,4.5": {
                    "value": 0.9382822513580322, 
                    "error": 0.009087091084572705
                }
            }, 
            "0.0,0.9": {
                "3.0,3.25": {
                    "value": 0.38168254494667053, 
                    "error": 0.16413330957779917
                }, 
                "3.75,4.0": {
                    "value": 0.9477084279060364, 
                    "error": 0.007620450290190924
                }, 
                "20.0,30.0": {
                    "value": 1.0140254497528076, 
                    "error": 0.0027236566484681183
                }, 
                "500,700": {
                    "value": null, 
                    "error": null
                }, 
                "700,1200": {
                    "value": null, 
                    "error": null
                }, 
                "30.0,40.0": {
                    "value": 1.0208239555358887, 
                    "error": 0.006645134991848985
                }, 
                "3.25,3.5": {
                    "value": 0.9183079600334167, 
                    "error": 0.02514849182559629
                }, 
                "15.0,20.0": {
                    "value": 1.0092073678970337, 
                    "error": 0.0020781332004996306
                }, 
                "2.0,2.5": {
                    "value": 0.0, 
                    "error": 0.0
                }, 
                "3.5,3.75": {
                    "value": 0.9673707485198975, 
                    "error": 0.01005059446666597
                }, 
                "2.75,3.0": {
                    "value": 0.0, 
                    "error": 0.0
                }, 
                "10.0,15.0": {
                    "value": 0.9993773698806763, 
                    "error": 0.0013353260895785566
                }, 
                "8.0,10.0": {
                    "value": 0.9875271916389465, 
                    "error": 0.0016229985010648088
                }, 
                "6.0,8.0": {
                    "value": 0.9783903956413269, 
                    "error": 0.001568391162578085
                }, 
                "4.5,5.0": {
                    "value": 0.9701130390167236, 
                    "error": 0.003494124827732405
                }, 
                "5.0,6.0": {
                    "value": 0.968995213508606, 
                    "error": 0.0022672941898752787
                }, 
                "2.5,2.75": {
                    "value": 0.0, 
                    "error": 0.0
                }, 
                "4.0,4.5": {
                    "value": 0.9487553238868713, 
                    "error": 0.004284967225898362
                }
            }, 
            "1.2,2.1": {
                "3.0,3.25": {
                    "value": 0.977712094783783, 
                    "error": 0.007180471984903501
                }, 
                "3.75,4.0": {
                    "value": 0.9754061102867126, 
                    "error": 0.0062205475155282615
                }, 
                "20.0,30.0": {
                    "value": 1.000244379043579, 
                    "error": 0.006514870948745443
                }, 
                "500,700": {
                    "value": null, 
                    "error": null
                }, 
                "700,1200": {
                    "value": null, 
                    "error": null
                }, 
                "30.0,40.0": {
                    "value": 1.0181703567504883, 
                    "error": 0.013849797978584119
                }, 
                "3.25,3.5": {
                    "value": 0.975377082824707, 
                    "error": 0.006571704111761371
                }, 
                "15.0,20.0": {
                    "value": 1.0086992979049683, 
                    "error": 0.004693349750179379
                }, 
                "2.0,2.5": {
                    "value": 0.9528460502624512, 
                    "error": 0.015608466642289674
                }, 
                "3.5,3.75": {
                    "value": 0.9755411744117737, 
                    "error": 0.0064672280213927255
                }, 
                "2.75,3.0": {
                    "value": 0.9449797868728638, 
                    "error": 0.008795610333782365
                }, 
                "10.0,15.0": {
                    "value": 0.9994416236877441, 
                    "error": 0.0027587899467757717
                }, 
                "8.0,10.0": {
                    "value": 0.998924732208252, 
                    "error": 0.0027170961577988456
                }, 
                "6.0,8.0": {
                    "value": 0.9966888427734375, 
                    "error": 0.0021123563492180053
                }, 
                "4.5,5.0": {
                    "value": 0.9902195930480957, 
                    "error": 0.003814553750135113
                }, 
                "5.0,6.0": {
                    "value": 0.9895886778831482, 
                    "error": 0.0028296757383053693
                }, 
                "2.5,2.75": {
                    "value": 0.9496594071388245, 
                    "error": 0.011556559943039653
                }, 
                "4.0,4.5": {
                    "value": 0.9814283847808838, 
                    "error": 0.003940520192963346
                }
            },