{
    "MTau3MuID": {
        "Pt_Eta": {
            "0.9,1.2": {
                "3.0,3.25": {
                    "value": 1.646583200454188e-06, 
                    "error": 1.2938634416941859
                }, 
                "3.75,4.0": {
                    "value": 0.9498412013053894, 
                    "error": 0.05357481574288309
                }, 
                "20.0,30.0": {
                    "value": 1.0170429944992065, 
                    "error": 0.023292796231211128
                }, 
                "500,700": {
                    "value": null, 
                    "error": null
                }, 
                "700,1200": {
                    "value": null, 
                    "error": null
                }, 
                "30.0,40.0": {
                    "value": 1.1313903331756592, 
                    "error": 0.03167592909776886
                }, 
                "3.25,3.5": {
                    "value": 1.313650131225586, 
                    "error": 0.3891662533622088
                }, 
                "15.0,20.0": {
                    "value": 1.0630677938461304, 
                    "error": 0.017852682430648952
                }, 
                "2.0,2.5": {
                    "value": 0.0, 
                    "error": 0.0
                }, 
                "3.5,3.75": {
                    "value": 1.1267354488372803, 
                    "error": 0.08666248921610575
                }, 
                "2.75,3.0": {
                    "value": 5.044319152832031, 
                    "error": 15.617622183842562
                }, 
                "10.0,15.0": {
                    "value": 1.003944993019104, 
                    "error": 0.013748847845280418
                }, 
                "8.0,10.0": {
                    "value": 1.0009487867355347, 
                    "error": 0.02326915930481919
                }, 
                "6.0,8.0": {
                    "value": 0.9971941709518433, 
                    "error": 0.011409235322685365
                }, 
                "4.5,5.0": {
                    "value": 0.9693383574485779, 
                    "error": 0.027777880201403083
                }, 
                "5.0,6.0": {
                    "value": 0.9725102186203003, 
                    "error": 0.018143139297291173
                }, 
                "2.5,2.75": {
                    "value": 0.0, 
                    "error": 15.595243220555831
                }, 
                "4.0,4.5": {
                    "value": 0.9724136590957642, 
                    "error": 0.03253836732868109
                }
            }, 
            "0.0,0.9": {
                "3.0,3.25": {
                    "value": 0.0, 
                    "error": 1.805361716869089
                }, 
                "3.75,4.0": {
                    "value": 1.0306270122528076, 
                    "error": 0.027942514078284103
                }, 
                "20.0,30.0": {
                    "value": 1.024301290512085, 
                    "error": 0.008511644143870506
                }, 
                "500,700": {
                    "value": null, 
                    "error": null
                }, 
                "700,1200": {
                    "value": null, 
                    "error": null
                }, 
                "30.0,40.0": {
                    "value": 1.0233098268508911, 
                    "error": 0.017243696036684224
                }, 
                "3.25,3.5": {
                    "value": 1.5453948974609375, 
                    "error": 0.15331168629428937
                }, 
                "15.0,20.0": {
                    "value": 1.0109943151474, 
                    "error": 0.007292442332253704
                }, 
                "2.0,2.5": {
                    "value": 0.0, 
                    "error": 0.0
                }, 
                "3.5,3.75": {
                    "value": 1.1392238140106201, 
                    "error": 0.04709459907374702
                }, 
                "2.75,3.0": {
                    "value": 0.0, 
                    "error": 0.0
                }, 
                "10.0,15.0": {
                    "value": 1.018837332725525, 
                    "error": 0.004231154747147683
                }, 
                "8.0,10.0": {
                    "value": 0.9908631443977356, 
                    "error": 0.0058096650321149395
                }, 
                "6.0,8.0": {
                    "value": 0.9824575781822205, 
                    "error": 0.00548448658720962
                }, 
                "4.5,5.0": {
                    "value": 0.9642820358276367, 
                    "error": 0.01234807291600422
                }, 
                "5.0,6.0": {
                    "value": 0.9807913899421692, 
                    "error": 0.007206563092345621
                }, 
                "2.5,2.75": {
                    "value": 0.0, 
                    "error": 0.0
                }, 
                "4.0,4.5": {
                    "value": 1.0107454061508179, 
                    "error": 0.014063738707639413
                }
            }, 
            "1.2,2.1": {
                "3.0,3.25": {
                    "value": 0.9962621927261353, 
                    "error": 0.027363851615161496
                }, 
                "3.75,4.0": {
                    "value": 0.9721013903617859, 
                    "error": 0.024540342935982878
                }, 
                "20.0,30.0": {
                    "value": 1.0181645154953003, 
                    "error": 0.017041135313311764
                }, 
                "500,700": {
                    "value": null, 
                    "error": null
                }, 
                "700,1200": {
                    "value": null, 
                    "error": null
                }, 
                "30.0,40.0": {
                    "value": 1.0770670175552368, 
                    "error": 0.036564779387048565
                }, 
                "3.25,3.5": {
                    "value": 0.9493327736854553, 
                    "error": 0.0269628707443847
                }, 
                "15.0,20.0": {
                    "value": 0.9916875958442688, 
                    "error": 0.016324747203940594
                }, 
                "2.0,2.5": {
                    "value": 0.9453495740890503, 
                    "error": 0.08391506100298618
                }, 
                "3.5,3.75": {
                    "value": 1.0008665323257446, 
                    "error": 0.020321414199529864
                }, 
                "2.75,3.0": {
                    "value": 1.0170296430587769, 
                    "error": 0.031532270779150134
                }, 
                "10.0,15.0": {
                    "value": 1.0266181230545044, 
                    "error": 0.009407499806448385
                }, 
                "8.0,10.0": {
                    "value": 1.0373519659042358, 
                    "error": 0.00910630487875952
                }, 
                "6.0,8.0": {
                    "value": 1.0108709335327148, 
                    "error": 0.007698033906923966
                }, 
                "4.5,5.0": {
                    "value": 0.9753896594047546, 
                    "error": 0.016063266264565324
                }, 
                "5.0,6.0": {
                    "value": 0.993930459022522, 
                    "error": 0.010155813275011185
                }, 
                "2.5,2.75": {
                    "value": 1.0001235008239746, 
                    "error": 0.05086658908738779
                }, 
                "4.0,4.5": {
                    "value": 1.013601303100586, 
                    "error": 0.01346618303282607
                }
            }, 
            "2.1,2.4": {
                "3.0,3.25": {
                    "value": 0.9553261995315552,